Date,NO2,PM10,PM2_5,PM2_5_Lag1,PM2_5_Lag7,PM10_Lag1,PM10_Lag7,NO2_Lag1,NO2_Lag7
2025-02-24,19.1,120.0,73.2,61.8,68.62857142857142,98.0,106.37142857142858,23.4,23.62857142857143
2025-02-25,23.1,140.0,85.5,73.2,75.57142857142857,120.0,117.92857142857143,19.1,24.271428571428572
2025-02-26,31.9,138.0,84.1,85.5,79.48571428571428,140.0,125.4857142857143,23.1,26.028571428571432
2025-02-27,26.3,188.0,115.0,84.1,76.62857142857142,138.0,123.20000000000002,31.9,26.128571428571426
2025-02-28,16.9,154.0,94.1,115.0,78.18571428571428,188.0,127.05714285714286,26.3,24.342857142857145
2025-03-01,19.1,181.0,110.0,94.1,89.1,154.0,145.57142857142858,16.9,22.82857142857143
2025-03-02,17.0,148.0,83.3,110.0,92.17142857142858,181.0,152.71428571428572,19.1,21.91428571428571
2025-03-03,8.83,101.0,61.3,83.3,90.47142857142856,148.0,150.0,17.0,20.447142857142858
2025-03-04,18.6,98.7,62.7,61.3,87.21428571428571,101.0,144.1,8.83,19.804285714285715
2025-03-05,29.3,101.0,61.6,62.7,84.0,98.7,138.81428571428572,18.6,19.43285714285714
2025-03-06,33.8,127.0,76.4,61.6,78.48571428571428,101.0,130.1,29.3,20.504285714285714
2025-03-07,19.9,46.9,18.7,76.4,67.71428571428571,127.0,114.8,33.8,20.93285714285714
2025-03-08,33.6,135.0,54.4,18.7,59.771428571428565,46.9,108.22857142857141,19.9,23.004285714285714
2025-03-09,32.3,100.0,41.4,54.4,53.785714285714285,135.0,101.37142857142855,33.6,25.189999999999998
2025-03-10,29.5,103.0,71.4,41.4,55.228571428571435,100.0,101.65714285714284,32.3,28.142857142857142
2025-03-11,33.1,131.0,85.5,71.4,58.48571428571429,103.0,106.27142857142859,29.5,30.214285714285715
2025-03-12,20.7,94.5,42.1,85.5,55.7,131.0,105.34285714285716,33.1,28.985714285714288
2025-03-13,14.1,62.3,24.7,42.1,48.31428571428571,94.5,96.10000000000001,20.7,26.17142857142857
2025-03-14,15.5,66.3,47.1,24.7,52.371428571428574,62.3,98.87142857142855,14.1,25.54285714285714
2025-03-15,11.9,79.1,78.1,47.1,55.75714285714286,66.3,90.88571428571427,15.5,22.442857142857143
2025-03-16,16.6,76.7,54.1,78.1,57.57142857142858,79.1,87.55714285714286,11.9,20.2
2025-03-17,23.4,85.9,55.5,54.1,55.300000000000004,76.7,85.11428571428571,16.6,19.32857142857143
2025-03-18,22.5,112.0,70.6,55.5,53.17142857142857,85.9,82.39999999999999,23.4,17.814285714285713
2025-03-19,18.4,93.9,39.6,70.6,52.81428571428571,112.0,82.31428571428572,22.5,17.485714285714288
2025-03-20,21.5,87.5,38.3,39.6,54.75714285714285,93.9,85.91428571428573,18.4,18.54285714285714
2025-03-21,32.0,160.0,73.1,38.3,58.47142857142857,87.5,99.29999999999998,21.5,20.900000000000002
2025-03-22,34.1,179.0,98.0,73.1,61.31428571428571,160.0,113.57142857142857,32.0,24.071428571428573
2025-03-23,34.3,211.0,138.0,98.0,73.29999999999998,179.0,132.75714285714284,34.1,26.599999999999998
2025-03-24,31.6,123.0,67.2,138.0,74.97142857142856,211.0,138.05714285714288,34.3,27.77142857142857
2025-03-25,22.4,126.0,64.5,67.2,74.10000000000001,123.0,140.05714285714288,31.6,27.757142857142856
2025-03-26,16.0,116.0,57.1,64.5,76.6,126.0,143.21428571428572,22.4,27.414285714285715
2025-03-27,14.4,110.0,66.1,57.1,80.57142857142857,116.0,146.42857142857142,16.0,26.400000000000002
2025-03-28,20.0,116.0,76.3,66.1,81.02857142857144,110.0,140.14285714285714,14.4,24.685714285714287
2025-03-29,21.7,115.0,57.3,76.3,75.21428571428571,116.0,131.0,20.0,22.91428571428571
2025-03-30,13.2,100.0,47.3,57.3,62.25714285714286,115.0,115.14285714285714,21.7,19.900000000000002
2025-03-31,17.8,91.5,30.5,47.3,57.01428571428572,100.0,110.64285714285714,13.2,17.928571428571427
2025-04-01,30.6,133.0,50.8,30.5,55.05714285714286,91.5,111.64285714285714,17.8,19.099999999999998
2025-04-02,39.1,166.0,70.3,50.8,56.942857142857136,133.0,118.78571428571429,30.6,22.400000000000002
2025-04-03,28.3,101.0,37.7,70.3,52.88571428571429,166.0,117.5,39.1,24.385714285714283
2025-04-04,27.5,114.0,36.8,37.7,47.24285714285714,101.0,117.21428571428571,28.3,25.457142857142856
2025-04-05,19.6,98.6,29.2,36.8,43.22857142857142,114.0,114.87142857142855,27.5,25.157142857142855
2025-04-06,19.2,88.3,32.0,29.2,41.04285714285714,98.6,113.2,19.6,26.014285714285716
2025-04-07,21.9,109.0,43.9,32.0,42.957142857142856,88.3,115.70000000000002,19.2,26.599999999999998
2025-04-08,10.5,86.1,35.7,43.9,40.800000000000004,109.0,109.0,21.9,23.72857142857143
2025-04-10,0.0,0.0,0.0,35.7,30.757142857142856,86.1,85.28571428571429,10.5,18.142857142857142
2025-04-14,9.85,53.4,19.0,0.0,28.085714285714285,0.0,78.48571428571428,0.0,15.507142857142856
2025-04-15,13.5,70.9,24.7,19.0,26.35714285714286,53.4,72.32857142857142,9.85,13.507142857142856
2025-04-16,14.6,69.2,26.6,24.7,25.985714285714288,70.9,68.12857142857142,13.5,12.792857142857143
2025-04-17,15.3,80.9,53.6,26.6,29.071428571428573,69.2,67.07142857142857,14.6,12.235714285714284
2025-04-18,16.3,120.0,67.6,53.6,32.45714285714286,80.9,68.64285714285714,15.3,11.435714285714285
2025-04-19,15.6,112.0,39.9,67.6,33.05714285714286,120.0,72.34285714285714,16.3,12.164285714285715
2025-04-20,18.1,106.0,36.8,39.9,38.31428571428571,112.0,87.48571428571428,15.6,14.75
2025-04-21,21.0,122.0,34.2,36.8,40.48571428571428,106.0,97.28571428571429,18.1,16.342857142857145
2025-04-22,23.0,112.0,45.8,34.2,43.5,122.0,103.15714285714286,21.0,17.7
2025-04-23,18.1,123.0,49.4,45.8,46.75714285714285,112.0,110.84285714285714,23.0,18.2
2025-04-24,11.5,117.0,33.8,49.4,43.92857142857142,123.0,116.0,18.1,17.657142857142855
2025-04-25,12.9,126.0,38.2,33.8,39.728571428571435,117.0,116.85714285714286,11.5,17.17142857142857
2025-04-26,16.5,144.0,42.2,38.2,40.05714285714286,126.0,121.42857142857143,12.9,17.3
2025-04-27,14.5,141.0,44.1,42.2,41.1,144.0,126.42857142857143,16.5,16.785714285714285
2025-04-28,14.4,141.0,69.9,44.1,46.199999999999996,141.0,129.14285714285714,14.5,15.842857142857143
2025-04-29,14.9,152.0,61.3,69.9,48.41428571428571,141.0,134.85714285714286,14.4,14.685714285714285
2025-04-30,14.2,133.0,53.1,61.3,48.94285714285714,152.0,136.28571428571428,14.9,14.128571428571428
2025-05-01,16.0,120.0,53.3,53.1,51.728571428571435,133.0,136.71428571428572,14.2,14.771428571428572
2025-05-02,11.8,121.0,63.4,53.3,55.32857142857143,120.0,136.0,16.0,14.614285714285714
2025-05-03,15.8,90.1,32.7,63.4,53.971428571428575,121.0,128.3,11.8,14.514285714285714
2025-05-04,13.8,180.0,79.9,32.7,59.08571428571429,90.1,133.87142857142857,15.8,14.414285714285715
2025-05-05,12.6,46.9,24.2,79.9,52.557142857142864,180.0,120.42857142857143,13.8,14.157142857142857
2025-05-06,11.8,36.1,17.5,24.2,46.300000000000004,46.9,103.87142857142858,12.6,13.714285714285714
2025-05-07,66.9,72.5,25.1,17.5,42.300000000000004,36.1,95.22857142857143,11.8,21.24285714285714
2025-05-08,55.0,53.2,20.7,25.1,37.642857142857146,72.5,85.68571428571428,66.9,26.814285714285713
2025-05-09,14.6,71.5,34.1,20.7,33.45714285714286,53.2,78.61428571428571,55.0,27.214285714285715
2025-05-10,11.4,94.7,34.0,34.1,33.642857142857146,71.5,79.27142857142857,14.6,26.58571428571429
2025-05-11,12.6,92.7,38.0,34.0,27.657142857142862,94.7,66.8,11.4,26.414285714285715
2025-05-12,14.5,95.9,42.8,38.0,30.314285714285713,92.7,73.8,12.6,26.685714285714287
2025-05-13,16.0,107.0,46.1,42.8,34.4,95.9,83.92857142857143,14.5,27.285714285714285
2025-05-14,20.8,93.5,45.1,46.1,37.25714285714286,107.0,86.92857142857143,16.0,20.7
2025-05-15,17.5,76.1,40.1,45.1,40.02857142857143,93.5,90.20000000000002,20.8,15.342857142857143
2025-05-16,17.5,61.0,25.5,40.1,38.800000000000004,76.1,88.70000000000002,17.5,15.757142857142858
2025-05-17,22.1,54.8,25.9,25.5,37.642857142857146,61.0,83.0,17.5,17.285714285714285
2025-05-18,10.6,113.0,42.2,25.9,38.24285714285714,54.8,85.89999999999999,22.1,17.0
2025-05-19,0.0,99.5,35.7,42.2,37.228571428571435,113.0,86.41428571428571,10.6,14.928571428571429
2025-05-20,0.0,86.6,26.7,35.7,34.457142857142856,99.5,83.5,0.0,12.642857142857142
2025-05-21,0.0,85.2,31.5,26.7,32.51428571428571,86.6,82.3142857142857,0.0,9.671428571428569
2025-05-22,0.0,107.0,36.5,31.5,32.0,85.2,86.72857142857143,0.0,7.171428571428571
2025-05-23,0.0,98.2,70.3,36.5,38.4,107.0,92.04285714285713,0.0,4.671428571428572
2025-05-24,0.0,107.0,68.7,70.3,44.51428571428572,98.2,99.5,0.0,1.5142857142857138
2025-05-25,0.0,185.0,57.4,68.7,46.68571428571429,107.0,109.78571428571429,0.0,0.0
2025-05-26,9.42,161.0,50.2,57.4,48.75714285714286,185.0,118.57142857142857,0.0,1.3457142857142852
2025-05-27,9.41,91.1,68.4,50.2,54.714285714285715,161.0,119.21428571428571,9.42,2.69
2025-05-28,6.74,61.7,9.51,68.4,51.57285714285714,91.1,115.85714285714286,9.41,3.6528571428571426
2025-05-29,7.8,91.6,19.5,9.51,49.144285714285715,61.7,113.65714285714286,6.74,4.767142857142857
2025-05-30,7.3,83.3,48.2,19.5,45.987142857142864,91.6,111.52857142857144,7.8,5.81
2025-05-31,5.25,69.5,24.1,48.2,39.61571428571428,83.3,106.17142857142858,7.3,6.56
2025-06-01,4.55,90.4,31.4,24.1,35.901428571428575,69.5,92.65714285714286,5.25,7.21
2025-06-02,3.87,78.9,21.2,31.4,31.75857142857143,90.4,80.92857142857143,4.55,6.417142857142856
2025-06-03,3.75,128.0,40.7,21.2,27.801428571428573,78.9,86.2,3.87,5.6085714285714285
2025-06-04,1.73,106.0,25.2,40.7,30.042857142857144,128.0,92.52857142857144,3.75,4.8928571428571415
2025-06-05,3.55,156.0,51.0,25.2,34.542857142857144,106.0,101.72857142857143,1.73,4.285714285714286
2025-06-06,4.42,150.0,47.5,51.0,34.44285714285714,156.0,111.25714285714285,3.55,3.8742857142857132
2025-06-07,4.19,147.0,57.3,47.5,39.18571428571429,150.0,122.32857142857142,4.42,3.722857142857143
2025-06-08,3.35,133.0,64.3,57.3,43.885714285714286,147.0,128.4142857142857,4.19,3.5514285714285707
2025-06-09,3.69,106.0,39.3,64.3,46.471428571428575,133.0,132.28571428571428,3.35,3.5257142857142854
2025-06-10,2.67,89.7,43.9,39.3,46.92857142857143,106.0,126.81428571428572,3.69,3.3714285714285706
2025-06-11,3.38,110.0,44.4,43.9,49.67142857142858,89.7,127.38571428571429,2.67,3.6071428571428568
2025-06-12,6.47,132.0,50.7,44.4,49.62857142857143,110.0,123.95714285714287,3.38,4.024285714285713
2025-06-13,6.15,195.0,68.5,50.7,52.628571428571426,132.0,130.3857142857143,6.47,4.271428571428571
2025-06-14,5.99,51.8,18.0,68.5,47.01428571428572,195.0,116.78571428571429,6.15,4.528571428571428
2025-06-15,6.14,60.3,18.3,18.0,40.44285714285714,51.8,106.39999999999999,5.99,4.927142857142856
2025-06-16,6.5,25.4,9.0,18.3,36.114285714285714,60.3,94.88571428571427,6.14,5.328571428571428
2025-06-17,7.93,92.1,36.7,9.0,35.08571428571429,25.4,95.22857142857141,6.5,6.079999999999999
2025-06-18,7.99,76.7,33.0,36.7,33.457142857142856,92.1,90.47142857142856,7.93,6.738571428571428
2025-06-19,7.95,102.0,50.9,33.0,33.48571428571429,76.7,86.18571428571428,7.99,6.95
2025-06-20,8.0,84.0,46.6,50.9,30.357142857142858,102.0,70.32857142857144,7.95,7.2142857142857135
2025-06-21,7.65,86.7,21.4,46.6,30.842857142857138,84.0,75.31428571428572,8.0,7.451428571428571
2025-06-22,10.2,72.9,16.1,21.4,30.52857142857143,86.7,77.11428571428573,7.65,8.031428571428572
2025-06-23,11.4,79.7,21.3,16.1,32.285714285714285,72.9,84.87142857142858,10.2,8.731428571428571
2025-06-24,8.74,50.5,20.8,21.3,30.014285714285716,79.7,78.92857142857143,11.4,8.847142857142858
2025-06-25,11.7,67.9,23.9,20.8,28.714285714285715,50.5,77.67142857142858,8.74,9.377142857142857
2025-06-26,11.0,51.5,15.7,23.9,23.685714285714287,67.9,70.45714285714286,11.7,9.812857142857142
2025-06-27,11.0,45.6,14.0,15.7,19.02857142857143,51.5,64.97142857142858,11.0,10.241428571428571
2025-06-28,11.6,43.5,12.5,14.0,17.757142857142856,45.6,58.800000000000004,11.0,10.805714285714284
2025-06-29,10.4,59.7,16.2,12.5,17.771428571428572,43.5,56.91428571428572,11.6,10.834285714285715
2025-06-30,7.21,55.8,17.3,16.2,17.2,59.7,53.5,10.4,10.235714285714284
2025-07-01,4.05,79.9,15.2,17.3,16.4,55.8,57.699999999999996,7.21,9.565714285714284
2025-07-02,4.79,69.2,16.9,15.2,15.4,79.9,57.88571428571429,4.05,8.578571428571427
2025-07-03,3.31,71.9,15.3,16.9,15.342857142857142,69.2,60.800000000000004,4.79,7.4799999999999995
2025-07-04,7.59,58.3,17.5,15.3,15.842857142857142,71.9,62.614285714285714,3.31,6.992857142857142
2025-07-05,5.76,61.6,17.2,17.5,16.514285714285712,58.3,65.2,7.59,6.1585714285714275
2025-07-06,1.19,41.5,19.4,17.2,16.97142857142857,61.6,62.60000000000001,5.76,4.8428571428571425
2025-07-07,0.603,49.2,21.8,19.4,17.614285714285714,41.5,61.65714285714286,1.19,3.8989999999999996
2025-07-08,1.51,41.2,20.6,21.8,18.385714285714283,49.2,56.12857142857143,0.603,3.536142857142856
2025-07-09,7.2,28.0,17.9,20.6,18.52857142857143,41.2,50.24285714285714,1.51,3.880428571428571
2025-07-10,11.7,25.9,16.1,17.9,18.642857142857142,28.0,43.67142857142858,7.2,5.079
2025-07-11,7.73,11.6,8.59,16.1,17.37,25.9,37.0,11.7,5.098999999999999
2025-07-12,12.0,21.9,16.8,8.59,17.312857142857144,11.6,31.32857142857143,7.73,5.990428571428572
2025-07-13,7.47,27.3,13.4,16.8,16.455714285714286,21.9,29.300000000000004,12.0,6.887571428571428
2025-07-14,2.44,28.9,17.4,13.4,15.827142857142857,27.3,26.4,7.47,7.1499999999999995
2025-07-15,6.8,74.4,18.3,17.4,15.498571428571429,28.9,31.142857142857142,2.44,7.905714285714284
2025-07-16,15.4,232.0,15.2,18.3,15.112857142857141,74.4,60.285714285714285,6.8,9.077142857142857
2025-07-17,15.4,61.2,19.3,15.2,15.570000000000002,232.0,65.32857142857144,15.4,9.605714285714285
2025-07-18,12.9,38.2,15.3,19.3,16.52857142857143,61.2,69.12857142857142,15.4,10.344285714285714
2025-07-19,12.3,37.1,15.9,15.3,16.400000000000002,38.2,71.3,12.9,10.387142857142857
2025-07-20,10.1,31.2,9.78,15.9,15.882857142857144,37.1,71.85714285714286,12.3,10.762857142857143
2025-07-21,10.5,54.7,22.7,9.78,16.639999999999997,31.2,75.54285714285713,10.1,11.914285714285715
2025-07-22,11.1,42.5,11.6,22.7,15.682857142857143,54.7,70.98571428571428,10.5,12.528571428571427
2025-07-23,9.98,44.1,13.3,11.6,15.411428571428573,42.5,44.142857142857146,11.1,11.754285714285714
2025-07-24,10.7,41.6,13.2,13.3,14.540000000000001,44.1,41.34285714285715,9.98,11.082857142857142
2025-07-25,10.4,50.9,15.3,13.2,14.540000000000001,41.6,43.15714285714286,10.7,10.725714285714286
2025-07-26,9.32,28.7,13.4,15.3,14.182857142857143,50.9,41.957142857142856,10.4,10.299999999999999
2025-07-27,11.1,29.8,13.3,13.4,14.685714285714285,28.7,41.75714285714286,9.32,10.442857142857141
2025-07-28,11.5,44.0,18.5,13.3,14.085714285714287,29.8,40.228571428571435,11.1,10.585714285714285
2025-07-29,11.2,56.7,19.5,18.5,15.214285714285714,44.0,42.25714285714286,11.5,10.599999999999998
2025-07-30,11.8,64.2,20.8,19.5,16.285714285714285,56.7,45.128571428571426,11.2,10.86
2025-07-31,11.8,54.6,20.4,20.8,17.314285714285713,64.2,46.98571428571428,11.8,11.017142857142858
2025-08-01,10.8,47.6,15.8,20.4,17.385714285714286,54.6,46.51428571428572,11.8,11.074285714285713
2025-08-02,9.74,32.7,13.5,15.8,17.400000000000002,47.6,47.08571428571429,10.8,11.134285714285713
2025-08-03,9.92,32.5,10.8,13.5,17.04285714285714,32.7,47.471428571428575,9.74,10.965714285714284
2025-08-04,8.9,33.1,10.3,10.8,15.87142857142857,32.5,45.91428571428572,9.92,10.594285714285714
2025-08-05,10.7,26.3,8.44,10.3,14.29142857142857,33.1,41.57142857142857,8.9,10.522857142857143
2025-08-06,17.8,53.0,17.0,8.44,13.748571428571429,26.3,39.971428571428575,10.7,11.379999999999999
2025-08-07,20.2,55.1,14.7,17.0,12.934285714285712,53.0,40.042857142857144,17.8,12.58
2025-08-08,17.7,48.5,11.3,14.7,12.29142857142857,55.1,40.17142857142857,20.2,13.565714285714288
2025-08-09,17.2,43.8,9.52,11.3,11.722857142857142,48.5,41.75714285714286,17.7,14.63142857142857
2025-08-10,20.3,36.6,7.26,9.52,11.217142857142857,43.8,42.34285714285714,17.2,16.11428571428571
2025-08-11,14.8,24.5,6.96,7.26,10.74,36.6,41.11428571428571,20.3,16.95714285714286
2025-08-12,24.3,31.2,10.5,6.96,11.034285714285716,24.5,41.814285714285724,14.8,18.900000000000002
2025-08-13,23.3,43.3,16.2,10.5,10.92,31.2,40.42857142857143,24.3,19.685714285714287
2025-08-14,24.3,43.8,18.1,16.2,11.405714285714286,43.3,38.81428571428571,23.3,20.271428571428572
2025-08-15,23.8,27.4,15.3,18.1,11.977142857142857,43.8,35.8,24.3,21.142857142857142
2025-08-16,18.3,24.6,11.2,15.3,12.217142857142859,27.4,33.05714285714286,23.8,21.300000000000004
2025-08-17,23.9,28.6,13.7,11.2,13.137142857142857,24.6,31.914285714285715,18.3,21.814285714285713
2025-08-18,32.5,32.8,13.4,13.7,14.057142857142859,28.6,33.1,23.9,24.342857142857138
2025-08-19,31.0,22.5,8.07,13.4,13.709999999999999,32.8,31.857142857142858,32.5,25.3
2025-08-20,38.5,21.3,6.53,8.07,12.328571428571427,22.5,28.714285714285715,31.0,27.471428571428568
2025-08-21,33.5,19.0,7.3,6.53,10.785714285714286,21.3,25.17142857142857,38.5,28.785714285714285
2025-08-22,31.3,17.5,3.67,7.3,9.124285714285714,19.0,23.75714285714286,33.5,29.857142857142858
2025-08-23,30.6,14.6,3.57,3.67,8.034285714285714,17.5,22.328571428571426,31.3,31.61428571428571
2025-08-24,35.4,23.6,5.7,3.57,6.8914285714285715,14.6,21.61428571428571,30.6,33.25714285714286
2025-08-25,32.0,38.4,8.65,5.7,6.212857142857142,23.6,22.414285714285715,35.4,33.18571428571429
2025-08-26,31.0,47.5,12.1,8.65,6.788571428571428,38.4,25.985714285714288,32.0,33.18571428571429
2025-08-27,30.7,51.1,12.3,12.1,7.612857142857143,47.5,30.24285714285714,31.0,32.07142857142857
2025-08-28,44.3,42.5,16.7,12.3,8.955714285714285,51.1,33.6,30.7,33.614285714285714
2025-08-29,21.2,53.1,19.3,16.7,11.188571428571427,42.5,38.68571428571429,44.3,32.17142857142857
2025-08-30,14.7,39.2,15.4,19.3,12.87857142857143,53.1,42.199999999999996,21.2,29.900000000000002
2025-08-31,14.9,38.3,13.2,15.4,13.950000000000001,39.2,44.300000000000004,14.7,26.97142857142857
2025-09-01,18.4,56.8,11.7,13.2,14.385714285714284,38.3,46.92857142857143,14.9,25.02857142857143
2025-09-02,12.6,71.2,12.3,11.7,14.414285714285715,56.8,50.314285714285724,18.4,22.4
2025-09-03,17.9,43.5,14.9,12.3,14.785714285714286,71.2,49.228571428571435,12.6,20.571428571428573
2025-09-04,11.8,32.3,13.6,14.9,14.342857142857143,43.5,47.771428571428565,17.9,15.928571428571429
2025-09-05,20.6,23.3,9.28,13.6,12.911428571428571,32.3,43.51428571428571,11.8,15.842857142857142
2025-09-06,15.0,18.0,5.4,9.28,11.482857142857142,23.3,40.48571428571428,20.6,15.885714285714284
2025-09-07,10.6,34.1,8.57,5.4,10.821428571428571,18.0,39.885714285714286,15.0,15.271428571428572
2025-09-08,13.6,44.9,13.3,8.57,11.05,34.1,38.18571428571429,10.6,14.585714285714285
2025-09-09,16.8,54.4,17.8,13.3,11.835714285714285,44.9,35.785714285714285,13.6,15.185714285714285
2025-09-10,17.9,56.7,16.2,17.8,12.021428571428572,54.4,37.67142857142858,16.8,15.185714285714287
2025-09-11,24.0,54.6,15.5,16.2,12.292857142857143,56.7,40.857142857142854,17.9,16.928571428571427
2025-09-12,12.9,64.6,21.4,15.5,14.024285714285714,54.6,46.75714285714285,24.0,15.828571428571427
2025-09-13,11.8,56.1,18.2,21.4,15.852857142857143,64.6,52.199999999999996,12.9,15.371428571428572
2025-09-14,10.9,44.7,11.8,18.2,16.314285714285713,56.1,53.71428571428571,11.8,15.414285714285713
2025-09-15,15.8,43.9,11.3,11.8,16.02857142857143,44.7,53.57142857142857,10.9,15.728571428571428
2025-09-16,15.2,43.7,10.8,11.3,15.028571428571428,43.9,52.042857142857144,15.8,15.5
2025-09-17,22.1,54.7,19.7,10.8,15.528571428571427,43.7,51.75714285714286,15.2,16.1
2025-09-18,21.3,61.8,25.2,19.7,16.914285714285715,54.7,52.785714285714285,22.1,15.714285714285714
2025-09-19,18.7,42.3,18.2,25.2,16.45714285714286,61.8,49.6,21.3,16.542857142857144
2025-09-20,13.6,46.9,20.2,18.2,16.742857142857144,42.3,48.285714285714285,18.7,16.8
2025-09-21,12.7,51.4,12.0,20.2,16.771428571428572,46.9,49.24285714285715,13.6,17.057142857142857
2025-09-22,13.6,45.9,9.96,12.0,16.58,51.4,49.528571428571425,12.7,16.74285714285714
2025-09-23,12.2,36.3,8.13,9.96,16.19857142857143,45.9,48.471428571428575,13.6,16.314285714285713
2025-09-24,19.1,38.3,10.7,8.13,14.91285714285714,36.3,46.128571428571426,12.2,15.885714285714284
2025-09-25,19.8,58.9,16.7,10.7,13.698571428571428,38.3,45.714285714285715,19.1,15.671428571428573
2025-09-26,17.0,60.8,15.6,16.7,13.327142857142857,58.9,48.357142857142854,19.8,15.428571428571429
2025-09-27,17.9,52.7,18.7,15.6,13.112857142857141,60.8,49.18571428571429,17.0,16.04285714285714
2025-09-28,12.9,18.6,7.42,18.7,12.458571428571428,52.7,44.49999999999999,17.9,16.071428571428573
2025-09-29,13.5,23.0,10.0,7.42,12.464285714285714,18.6,41.22857142857142,12.9,16.057142857142857
2025-09-30,16.3,30.5,8.57,10.0,12.527142857142854,23.0,40.4,13.5,16.642857142857142
2025-10-01,14.0,27.1,8.8,8.57,12.255714285714287,30.5,38.800000000000004,16.3,15.914285714285715
2025-10-02,18.9,31.4,9.39,8.8,11.211428571428572,27.1,34.871428571428574,14.0,15.785714285714286
2025-10-03,20.3,46.5,13.2,9.39,10.868571428571428,31.4,32.82857142857143,18.9,16.257142857142856
2025-10-04,16.1,40.6,10.3,13.2,9.668571428571429,46.5,31.1,20.3,16.0
2025-10-05,14.8,21.8,5.91,10.3,9.452857142857143,40.6,31.557142857142857,16.1,16.271428571428572
2025-10-06,17.5,61.8,13.1,5.91,9.895714285714286,21.8,37.1,14.8,16.842857142857145
2025-10-07,23.8,107.0,31.3,13.1,13.142857142857142,61.8,48.028571428571425,17.5,17.914285714285715
2025-10-08,37.9,169.0,47.0,31.3,18.599999999999998,107.0,68.3,23.8,21.32857142857143
2025-10-09,46.1,197.0,60.5,47.0,25.90142857142857,169.0,91.95714285714287,37.9,25.214285714285715
2025-10-10,48.9,170.0,52.2,60.5,31.472857142857144,197.0,109.60000000000001,46.1,29.300000000000004
2025-10-11,48.8,145.0,47.4,52.2,36.77285714285715,170.0,124.5142857142857,48.9,33.97142857142857
2025-10-12,51.7,122.0,36.6,47.4,41.15714285714286,145.0,138.82857142857142,48.8,39.24285714285714
2025-10-13,56.5,137.0,37.2,36.6,44.6,122.0,149.57142857142858,51.7,44.81428571428571
2025-10-14,55.8,147.0,37.2,37.2,45.442857142857136,137.0,155.28571428571428,56.5,49.385714285714286
2025-10-15,56.8,117.0,41.8,37.2,44.7,147.0,147.85714285714286,55.8,52.08571428571429
2025-10-16,54.8,88.1,46.0,41.8,42.628571428571426,117.0,132.3,56.8,53.32857142857142
2025-10-17,51.5,91.3,46.8,46.0,41.857142857142854,88.1,121.05714285714285,54.8,53.699999999999996
2025-10-18,45.5,66.7,27.1,46.8,38.957142857142856,91.3,109.87142857142858,51.5,53.228571428571435
2025-10-19,47.3,112.0,45.9,27.1,40.285714285714285,66.7,108.44285714285714,45.5,52.6
2025-10-20,38.0,116.0,54.0,45.9,42.68571428571429,112.0,105.44285714285714,47.3,49.957142857142856
2025-10-21,21.1,79.4,33.8,54.0,42.199999999999996,116.0,95.78571428571429,38.0,45.0
2025-10-22,39.0,116.0,42.8,33.8,42.34285714285714,79.4,95.64285714285714,21.1,42.457142857142856
2025-10-23,39.5,114.0,40.0,42.8,41.48571428571428,116.0,99.34285714285716,39.0,40.271428571428565
2025-10-24,44.0,111.0,40.7,40.0,40.61428571428571,114.0,102.15714285714284,39.5,39.199999999999996
2025-10-25,39.4,80.4,30.3,40.7,41.07142857142857,111.0,104.11428571428573,44.0,38.32857142857143
2025-10-26,35.9,27.5,7.9,30.3,35.64285714285714,80.4,92.04285714285716,39.4,36.699999999999996
2025-10-27,33.6,17.1,1.67,7.9,28.16714285714286,27.5,77.91428571428573,35.9,36.07142857142857
2025-10-28,36.5,66.2,21.5,1.67,26.41,17.1,76.02857142857144,33.6,38.271428571428565
2025-10-29,40.6,61.8,24.5,21.5,23.795714285714286,66.2,68.28571428571429,36.5,38.5
2025-10-30,36.8,29.2,9.23,24.5,19.400000000000002,61.8,56.17142857142857,40.6,38.114285714285714
2025-10-31,41.1,43.0,13.4,9.23,15.5,29.2,46.45714285714286,36.8,37.699999999999996
2025-11-01,44.1,68.3,21.7,13.4,14.271428571428572,43.0,44.728571428571435,41.1,38.371428571428574
2025-11-02,35.4,50.6,12.3,21.7,14.9,68.3,48.028571428571425,44.1,38.300000000000004
2025-11-03,15.9,126.0,29.2,12.3,18.83285714285714,50.6,63.58571428571429,35.4,35.771428571428565
2025-11-04,20.4,132.0,50.4,29.2,22.96142857142857,126.0,72.98571428571428,15.9,33.47142857142857
2025-11-05,24.1,176.0,50.1,50.4,26.618571428571425,132.0,89.3,20.4,31.11428571428571
2025-11-06,26.7,251.0,54.2,50.1,33.042857142857144,176.0,120.9857142857143,24.1,29.671428571428574
2025-11-07,29.1,162.0,58.5,54.2,39.48571428571428,251.0,137.9857142857143,26.7,27.95714285714286
2025-11-08,27.9,121.0,60.0,58.5,44.95714285714286,162.0,145.5142857142857,29.1,25.642857142857142
2025-11-09,36.3,276.0,84.1,60.0,55.214285714285715,121.0,177.71428571428572,27.9,25.771428571428572
2025-11-10,34.0,311.0,65.7,84.1,60.42857142857143,276.0,204.14285714285714,36.3,28.357142857142858
2025-11-11,37.6,277.0,62.4,65.7,62.142857142857146,311.0,224.85714285714286,34.0,30.814285714285713
2025-11-12,39.1,274.0,60.6,62.4,63.642857142857146,277.0,238.85714285714286,37.6,32.957142857142856
2025-11-13,36.9,217.0,53.6,60.6,63.55714285714286,274.0,234.0,39.1,34.41428571428571
2025-11-14,35.9,183.0,45.1,53.6,61.642857142857146,217.0,237.0,36.9,35.385714285714286
2025-11-15,33.2,174.0,43.3,45.1,59.25714285714285,183.0,244.57142857142858,35.9,36.142857142857146
2025-11-16,34.6,185.0,41.4,43.3,53.15714285714286,174.0,231.57142857142858,33.2,35.9
2025-11-17,40.3,222.0,70.0,41.4,53.771428571428565,185.0,218.85714285714286,34.6,36.800000000000004
2025-11-18,39.1,226.0,71.7,70.0,55.1,222.0,211.57142857142858,40.3,37.01428571428572
2025-11-19,22.8,130.0,46.5,71.7,53.08571428571429,226.0,191.0,39.1,34.68571428571428
2025-11-20,43.7,236.0,87.3,46.5,57.89999999999999,130.0,193.71428571428572,22.8,35.65714285714286
2025-11-21,44.1,261.0,87.5,87.3,63.95714285714285,236.0,204.85714285714286,43.7,36.82857142857143
2025-11-22,45.5,266.0,89.1,87.5,70.5,261.0,218.0,44.1,38.58571428571429
2025-11-23,33.9,184.0,60.4,89.1,73.21428571428571,266.0,217.85714285714286,45.5,38.48571428571428
2025-11-24,37.8,203.0,80.4,60.4,74.7,184.0,215.14285714285714,33.9,38.128571428571426
2025-11-25,36.4,188.0,73.7,80.4,74.98571428571428,203.0,209.71428571428572,37.8,37.74285714285714
2025-11-26,34.4,198.0,77.8,73.7,79.45714285714287,188.0,219.42857142857142,36.4,39.4
2025-11-27,44.4,206.0,86.0,77.8,79.27142857142859,198.0,215.14285714285714,34.4,39.5
2025-11-28,36.8,186.0,71.8,86.0,77.02857142857144,206.0,204.42857142857142,44.4,38.457142857142856
2025-11-29,44.3,153.0,54.1,71.8,72.02857142857142,186.0,188.28571428571428,36.8,38.285714285714285
2025-11-30,48.3,143.0,46.5,54.1,70.04285714285714,153.0,182.42857142857142,44.3,40.34285714285714
2025-12-01,56.3,187.0,55.1,46.5,66.42857142857143,143.0,180.14285714285714,48.3,42.98571428571428
2025-12-02,43.9,139.0,39.8,55.1,61.58571428571429,187.0,173.14285714285714,56.3,44.05714285714286
2025-12-03,37.7,113.0,35.0,39.8,55.471428571428575,139.0,161.0,43.9,44.528571428571425
2025-12-04,36.4,130.0,36.8,35.0,48.44285714285714,113.0,150.14285714285714,37.7,43.385714285714286
2025-12-05,39.9,127.0,37.2,36.8,43.5,130.0,141.71428571428572,36.4,43.82857142857142
2025-12-06,41.0,107.0,36.8,37.2,41.028571428571425,127.0,135.14285714285714,39.9,43.357142857142854
2025-12-07,46.4,91.3,29.3,36.8,38.57142857142857,107.0,127.75714285714285,41.0,43.08571428571428
2025-12-08,51.7,120.0,33.1,29.3,35.42857142857143,91.3,118.18571428571428,46.4,42.42857142857143
2025-12-09,53.7,99.2,29.1,33.1,33.9,120.0,112.5,51.7,43.82857142857143
2025-12-10,58.8,61.0,35.9,29.1,34.02857142857143,99.2,105.07142857142857,53.7,46.84285714285715
2025-12-11,57.3,120.0,40.8,35.9,34.6,61.0,103.64285714285714,58.8,49.82857142857142
2025-12-12,86.8,150.0,36.5,40.8,34.5,120.0,106.92857142857143,57.3,56.528571428571425
2025-12-13,96.2,144.0,37.0,36.5,34.528571428571425,150.0,112.21428571428571,86.8,64.41428571428571
2025-12-14,84.8,128.0,32.0,37.0,34.91428571428571,144.0,117.45714285714287,96.2,69.9
2025-12-15,62.7,129.0,38.8,32.0,35.72857142857143,128.0,118.74285714285715,84.8,71.47142857142856
2025-12-16,72.5,129.0,40.2,38.8,37.31428571428571,129.0,123.0,62.7,74.15714285714286
2025-12-17,89.2,129.0,37.5,40.2,37.542857142857144,129.0,132.71428571428572,72.5,78.5
2025-12-18,101.0,177.0,37.5,37.5,37.07142857142857,129.0,140.85714285714286,89.2,84.74285714285715
2025-12-19,122.0,163.0,49.7,37.5,38.957142857142856,177.0,142.71428571428572,101.0,89.77142857142857
2025-12-20,98.9,146.0,42.0,49.7,39.67142857142857,163.0,143.0,122.0,90.15714285714284
2025-12-21,85.0,114.0,34.5,42.0,40.028571428571425,146.0,141.0,98.9,90.18571428571428
2025-12-22,95.5,163.0,36.1,34.5,39.642857142857146,114.0,145.85714285714286,85.0,94.87142857142855
2025-12-23,98.4,127.0,35.4,36.1,38.95714285714286,163.0,145.57142857142858,95.5,98.57142857142857
2025-12-24,79.7,120.0,42.0,35.4,39.60000000000001,127.0,144.28571428571428,98.4,97.21428571428571
2025-12-25,73.1,112.0,39.6,42.0,39.9,120.0,135.0,79.7,93.22857142857143
2025-12-26,79.1,114.0,38.8,39.6,38.34285714285714,112.0,128.0,73.1,87.10000000000001
2025-12-27,79.2,121.0,42.7,38.8,38.44285714285714,114.0,124.42857142857143,79.1,84.28571428571429
2025-12-28,86.0,137.0,50.8,42.7,40.771428571428565,121.0,127.71428571428571,79.2,84.42857142857143
2025-12-29,126.0,169.0,66.9,50.8,45.17142857142858,137.0,128.57142857142858,86.0,88.78571428571429
2025-12-30,148.0,222.0,89.7,66.9,52.92857142857144,169.0,142.14285714285714,126.0,95.87142857142858
2025-12-31,62.4,116.0,47.8,89.7,53.75714285714285,222.0,141.57142857142858,148.0,93.39999999999999
2026-01-01,36.1,103.0,30.5,47.8,52.45714285714286,116.0,140.28571428571428,62.4,88.11428571428571
2026-01-02,32.1,126.0,45.6,30.5,53.42857142857143,103.0,142.0,36.1,81.4
2026-01-03,30.9,129.0,45.7,45.6,53.857142857142854,126.0,143.14285714285714,32.1,74.5
2026-01-04,22.1,114.0,44.3,45.7,52.92857142857143,129.0,139.85714285714286,30.9,65.37142857142858
2026-01-05,30.7,107.0,40.3,44.3,49.12857142857143,114.0,131.0,22.1,51.75714285714286
2026-01-06,33.2,135.0,51.4,40.3,43.65714285714285,107.0,118.57142857142857,30.7,35.357142857142854
2026-01-07,24.7,128.0,53.9,51.4,44.528571428571425,135.0,120.28571428571429,33.2,29.971428571428568
2026-01-08,36.7,155.0,55.4,53.9,48.08571428571429,128.0,127.71428571428571,24.7,30.057142857142857
2026-01-09,23.7,128.0,49.5,55.4,48.642857142857146,155.0,128.0,36.7,28.857142857142858
2026-01-19,73.1,185.0,47.0,49.5,48.82857142857143,128.0,136.0,23.7,34.885714285714286
2026-01-20,34.3,137.0,42.0,47.0,48.5,185.0,139.28571428571428,73.1,36.628571428571426
2026-01-21,46.6,168.0,66.8,42.0,52.285714285714285,137.0,148.0,34.3,38.9
2026-01-22,19.8,105.0,29.6,66.8,49.17142857142857,168.0,143.71428571428572,46.6,36.98571428571428
2026-01-23,27.7,110.0,22.5,29.6,44.685714285714276,105.0,141.14285714285714,19.8,37.41428571428572
2026-01-24,27.2,133.0,37.4,22.5,42.114285714285714,110.0,138.0,27.7,36.05714285714286
2026-01-25,31.8,149.0,58.2,37.4,43.357142857142854,133.0,141.0,27.2,37.214285714285715
2026-01-26,30.5,157.0,58.7,58.2,45.028571428571425,149.0,137.0,31.8,31.128571428571426
2026-01-27,36.0,132.0,38.8,58.7,44.57142857142857,157.0,136.28571428571428,30.5,31.37142857142857
2026-01-28,25.7,125.0,44.6,38.8,41.4,132.0,130.14285714285714,36.0,28.38571428571429
2026-01-29,29.9,123.0,48.8,44.6,44.142857142857146,125.0,132.71428571428572,25.7,29.828571428571426
2026-01-30,47.7,167.0,68.1,48.8,50.65714285714286,123.0,140.85714285714286,29.9,32.68571428571429
2026-01-31,44.6,215.0,94.2,68.1,58.771428571428565,167.0,152.57142857142858,47.7,35.17142857142857
2026-02-01,27.6,129.0,49.1,94.2,57.471428571428575,215.0,149.71428571428572,44.6,34.57142857142857
2026-02-02,26.7,127.0,49.0,49.1,56.08571428571429,129.0,145.42857142857142,27.6,34.02857142857143
2026-02-03,19.8,107.0,38.7,49.0,56.07142857142857,127.0,141.85714285714286,26.7,31.714285714285715
2026-02-04,33.2,115.0,37.4,38.7,55.04285714285714,107.0,140.42857142857142,19.8,32.785714285714285
2026-02-05,47.4,179.0,57.8,37.4,56.32857142857143,115.0,148.42857142857142,33.2,35.28571428571429
2026-02-06,51.9,225.0,67.1,57.8,56.18571428571429,179.0,156.71428571428572,47.4,35.885714285714286
2026-02-07,103.0,259.0,61.7,67.1,51.542857142857144,225.0,163.0,51.9,44.228571428571435
2026-02-08,70.6,187.0,63.8,61.7,53.642857142857146,259.0,171.28571428571428,103.0,50.37142857142857
2026-02-09,36.8,126.0,38.8,63.8,52.185714285714276,187.0,171.14285714285714,70.6,51.81428571428571
2026-02-10,56.2,167.0,39.4,38.8,52.285714285714285,126.0,179.71428571428572,36.8,57.01428571428571
2026-02-11,46.1,146.0,51.3,39.4,54.27142857142858,167.0,184.14285714285714,56.2,58.857142857142854
2026-02-12,49.7,155.0,47.9,51.3,52.857142857142854,146.0,180.71428571428572,46.1,59.18571428571429
2026-02-13,46.3,149.0,49.0,47.9,50.271428571428565,155.0,169.85714285714286,49.7,58.385714285714286
2026-02-14,25.5,110.0,30.7,49.0,45.84285714285714,149.0,148.57142857142858,46.3,47.31428571428571
